,disease,snp_id,metabolite_ratio,causal_gene,biological_pathway,p_value,beta,targeting_drugs
48,bilirubin metabolism disease,rs2900478,"androstenediol (3beta,17beta) monosulfate (2) to x-21364",CYP3A7,Xenobiotics,2.30003453836274e-35,-0.376301656008259,"RITONAVIR, COBICISTAT"
49,bilirubin metabolism disease,rs2900478,"androstenediol (3beta,17beta) monosulfate (2) to x-21364",CYP3A7,Cytochrome P450 - arranged by substrate type,2.30003453836274e-35,-0.376301656008259,"RITONAVIR, COBICISTAT"
50,bilirubin metabolism disease,rs2900478,"androstenediol (3beta,17beta) monosulfate (2) to x-21364",CYP3A7,Phase I - Functionalization of compounds,2.30003453836274e-35,-0.376301656008259,"RITONAVIR, COBICISTAT"
51,bilirubin metabolism disease,rs2900478,"androstenediol (3beta,17beta) monosulfate (2) to x-21364",CYP3A7,Biological oxidations,2.30003453836274e-35,-0.376301656008259,"RITONAVIR, COBICISTAT"
52,bilirubin metabolism disease,rs2900478,"androstenediol (3beta,17beta) monosulfate (2) to x-21364",CYP3A7,Metabolism,2.30003453836274e-35,-0.376301656008259,"RITONAVIR, COBICISTAT"
1666,gout,rs1165196,etiocholanolone glucuronide to x-21364,CYP3A7,Biological oxidations,4.508535193028439e-22,-0.293811980121059,"RITONAVIR, COBICISTAT"
1664,gout,rs1165196,etiocholanolone glucuronide to x-21364,CYP3A7,Cytochrome P450 - arranged by substrate type,4.508535193028439e-22,-0.293811980121059,"RITONAVIR, COBICISTAT"
1667,gout,rs1165196,etiocholanolone glucuronide to x-21364,CYP3A7,Metabolism,4.508535193028439e-22,-0.293811980121059,"RITONAVIR, COBICISTAT"
1663,gout,rs1165196,etiocholanolone glucuronide to x-21364,CYP3A7,Xenobiotics,4.508535193028439e-22,-0.293811980121059,"RITONAVIR, COBICISTAT"
1665,gout,rs1165196,etiocholanolone glucuronide to x-21364,CYP3A7,Phase I - Functionalization of compounds,4.508535193028439e-22,-0.293811980121059,"RITONAVIR, COBICISTAT"
8,Alzheimer disease,rs4147929,1-(1-enyl-palmitoyl)-2-oleoyl-gpc (p-16:0/18:1)* to lactosyl-n-nervonoyl-sphingosine (d18:1/24:1)*,GRIN3B,Assembly and cell surface presentation of NMDA receptors,2.34924072256025e-19,-0.318519973265192,"FELBAMATE, ORPHENADRINE CITRATE, AMANTADINE HYDROCHLORIDE, ESKETAMINE HYDROCHLORIDE, ESKETAMINE"
4,Alzheimer disease,rs4147929,1-(1-enyl-palmitoyl)-2-oleoyl-gpc (p-16:0/18:1)* to lactosyl-n-nervonoyl-sphingosine (d18:1/24:1)*,GRIN3B,Neurotransmitter receptors and postsynaptic signal transmission,2.34924072256025e-19,-0.318519973265192,"FELBAMATE, ORPHENADRINE CITRATE, AMANTADINE HYDROCHLORIDE, ESKETAMINE HYDROCHLORIDE, ESKETAMINE"
6,Alzheimer disease,rs4147929,1-(1-enyl-palmitoyl)-2-oleoyl-gpc (p-16:0/18:1)* to lactosyl-n-nervonoyl-sphingosine (d18:1/24:1)*,GRIN3B,Activation of NMDA receptors and postsynaptic events,2.34924072256025e-19,-0.318519973265192,"FELBAMATE, ORPHENADRINE CITRATE, AMANTADINE HYDROCHLORIDE, ESKETAMINE HYDROCHLORIDE, ESKETAMINE"
2,Alzheimer disease,rs4147929,1-(1-enyl-palmitoyl)-2-oleoyl-gpc (p-16:0/18:1)* to lactosyl-n-nervonoyl-sphingosine (d18:1/24:1)*,GRIN3B,Neuronal System,2.34924072256025e-19,-0.318519973265192,"FELBAMATE, ORPHENADRINE CITRATE, AMANTADINE HYDROCHLORIDE, ESKETAMINE HYDROCHLORIDE, ESKETAMINE"
0,Alzheimer disease,rs4147929,1-(1-enyl-palmitoyl)-2-oleoyl-gpc (p-16:0/18:1)* to lactosyl-n-nervonoyl-sphingosine (d18:1/24:1)*,GRIN3B,Transmission across Chemical Synapses,2.34924072256025e-19,-0.318519973265192,"FELBAMATE, ORPHENADRINE CITRATE, AMANTADINE HYDROCHLORIDE, ESKETAMINE HYDROCHLORIDE, ESKETAMINE"
7,Alzheimer disease,rs4147929,1-(1-enyl-palmitoyl)-2-palmitoyl-gpc (p-16:0/16:0)* to lactosyl-n-nervonoyl-sphingosine (d18:1/24:1)*,GRIN3B,Activation of NMDA receptors and postsynaptic events,9.47566535232506e-17,-0.293734779326072,"FELBAMATE, ORPHENADRINE CITRATE, AMANTADINE HYDROCHLORIDE, ESKETAMINE HYDROCHLORIDE, ESKETAMINE"
3,Alzheimer disease,rs4147929,1-(1-enyl-palmitoyl)-2-palmitoyl-gpc (p-16:0/16:0)* to lactosyl-n-nervonoyl-sphingosine (d18:1/24:1)*,GRIN3B,Neuronal System,9.47566535232506e-17,-0.293734779326072,"FELBAMATE, ORPHENADRINE CITRATE, AMANTADINE HYDROCHLORIDE, ESKETAMINE HYDROCHLORIDE, ESKETAMINE"
1,Alzheimer disease,rs4147929,1-(1-enyl-palmitoyl)-2-palmitoyl-gpc (p-16:0/16:0)* to lactosyl-n-nervonoyl-sphingosine (d18:1/24:1)*,GRIN3B,Transmission across Chemical Synapses,9.47566535232506e-17,-0.293734779326072,"FELBAMATE, ORPHENADRINE CITRATE, AMANTADINE HYDROCHLORIDE, ESKETAMINE HYDROCHLORIDE, ESKETAMINE"
5,Alzheimer disease,rs4147929,1-(1-enyl-palmitoyl)-2-palmitoyl-gpc (p-16:0/16:0)* to lactosyl-n-nervonoyl-sphingosine (d18:1/24:1)*,GRIN3B,Neurotransmitter receptors and postsynaptic signal transmission,9.47566535232506e-17,-0.293734779326072,"FELBAMATE, ORPHENADRINE CITRATE, AMANTADINE HYDROCHLORIDE, ESKETAMINE HYDROCHLORIDE, ESKETAMINE"
9,Alzheimer disease,rs4147929,1-(1-enyl-palmitoyl)-2-palmitoyl-gpc (p-16:0/16:0)* to lactosyl-n-nervonoyl-sphingosine (d18:1/24:1)*,GRIN3B,Assembly and cell surface presentation of NMDA receptors,9.47566535232506e-17,-0.293734779326072,"FELBAMATE, ORPHENADRINE CITRATE, AMANTADINE HYDROCHLORIDE, ESKETAMINE HYDROCHLORIDE, ESKETAMINE"
1685,gout,rs1165196,etiocholanolone glucuronide to x-21364,XDH,Purine metabolism,2.17406917046254e-08,-0.208414306357091,"BENDAZAC, FEBUXOSTAT, ALLOPURINOL"
1686,gout,rs1165196,etiocholanolone glucuronide to x-21364,XDH,Urate synthesis,2.17406917046254e-08,-0.208414306357091,"BENDAZAC, FEBUXOSTAT, ALLOPURINOL"
1687,gout,rs1165196,etiocholanolone glucuronide to x-21364,XDH,Purine catabolism,2.17406917046254e-08,-0.208414306357091,"BENDAZAC, FEBUXOSTAT, ALLOPURINOL"
1684,gout,rs1165196,etiocholanolone glucuronide to x-21364,XDH,Nucleotide metabolism,2.17406917046254e-08,-0.208414306357091,"BENDAZAC, FEBUXOSTAT, ALLOPURINOL"
1683,gout,rs1165196,etiocholanolone glucuronide to x-21364,XDH,Vitamin B6 activation to pyridoxal phosphate,2.17406917046254e-08,-0.208414306357091,"BENDAZAC, FEBUXOSTAT, ALLOPURINOL"
1681,gout,rs1165196,etiocholanolone glucuronide to x-21364,XDH,Butyrophilin (BTN) family interactions,2.17406917046254e-08,-0.208414306357091,"BENDAZAC, FEBUXOSTAT, ALLOPURINOL"
1682,gout,rs1165196,etiocholanolone glucuronide to x-21364,XDH,Azathioprine ADME,2.17406917046254e-08,-0.208414306357091,"BENDAZAC, FEBUXOSTAT, ALLOPURINOL"
1996,peripheral neuropathy,rs12611275,tetradecanedioate (c14-dc) to hexadecanedioate (c16-dc),HSPB1,HSF1 activation,0.0007531411405412,-0.585254192410367,APATORSEN
2001,peripheral neuropathy,rs12611275,tetradecanedioate (c14-dc) to hexadecanedioate (c16-dc),HSPB1,MAPK6/MAPK4 signaling,0.0007531411405412,-0.585254192410367,APATORSEN
2002,peripheral neuropathy,rs12611275,tetradecanedioate (c14-dc) to hexadecanedioate (c16-dc),HSPB1,Regulation of mRNA stability by proteins that bind AU-rich elements,0.0007531411405412,-0.585254192410367,APATORSEN
1999,peripheral neuropathy,rs12611275,tetradecanedioate (c14-dc) to hexadecanedioate (c16-dc),HSPB1,Extra-nuclear estrogen signaling,0.0007531411405412,-0.585254192410367,APATORSEN
2000,peripheral neuropathy,rs12611275,tetradecanedioate (c14-dc) to hexadecanedioate (c16-dc),HSPB1,AUF1 (hnRNP D0) binds and destabilizes mRNA,0.0007531411405412,-0.585254192410367,APATORSEN
1997,peripheral neuropathy,rs12611275,tetradecanedioate (c14-dc) to hexadecanedioate (c16-dc),HSPB1,Attenuation phase,0.0007531411405412,-0.585254192410367,APATORSEN
1998,peripheral neuropathy,rs12611275,tetradecanedioate (c14-dc) to hexadecanedioate (c16-dc),HSPB1,HSF1-dependent transactivation,0.0007531411405412,-0.585254192410367,APATORSEN
1678,gout,rs1177442,x-18921 to x-15486,CTSS,MHC class II antigen presentation,0.19227181130139,-0.385866125379754,PETESICATIB
1677,gout,rs1177442,x-18921 to x-15486,CTSS,Degradation of CDH1,0.19227181130139,-0.385866125379754,PETESICATIB
1675,gout,rs1177442,x-18921 to x-15486,CTSS,Trafficking and processing of endosomal TLR,0.19227181130139,-0.385866125379754,PETESICATIB
1676,gout,rs1177442,x-18921 to x-15486,CTSS,Assembly of collagen fibrils and other multimeric structures,0.19227181130139,-0.385866125379754,PETESICATIB
1680,gout,rs1177442,x-18921 to x-15486,CTSS,Regulation of CDH1 Function,0.19227181130139,-0.385866125379754,PETESICATIB
1679,gout,rs1177442,x-18921 to x-15486,CTSS,Endosomal/Vacuolar pathway,0.19227181130139,-0.385866125379754,PETESICATIB
1512,coronary artery calcification,rs102275,1-palmitoyl-2-linoleoyl-gpc (16:0/18:2) to lignoceroyl sphingomyelin (d18:1/24:0),Y,Cross-presentation of soluble exogenous antigens (endosomes),0.239868572034607,-0.0465251431210454,"OPROZOMIB, MARIZOMIB"
1545,coronary artery calcification,rs102275,1-palmitoyl-2-linoleoyl-gpc (16:0/18:2) to lignoceroyl sphingomyelin (d18:1/24:0),Y,FBXL7 down-regulates AURKA during mitotic entry and in early mitosis,0.239868572034607,-0.0465251431210454,"OPROZOMIB, MARIZOMIB"
1539,coronary artery calcification,rs102275,1-palmitoyl-2-linoleoyl-gpc (16:0/18:2) to lignoceroyl sphingomyelin (d18:1/24:0),Y,Stabilization of p53,0.239868572034607,-0.0465251431210454,"OPROZOMIB, MARIZOMIB"
1518,coronary artery calcification,rs102275,1-palmitoyl-2-linoleoyl-gpc (16:0/18:2) to lignoceroyl sphingomyelin (d18:1/24:0),Y,SCF-beta-TrCP mediated degradation of Emi1,0.239868572034607,-0.0465251431210454,"OPROZOMIB, MARIZOMIB"
1548,coronary artery calcification,rs102275,1-palmitoyl-2-linoleoyl-gpc (16:0/18:2) to lignoceroyl sphingomyelin (d18:1/24:0),Y,Negative regulation of NOTCH4 signaling,0.239868572034607,-0.0465251431210454,"OPROZOMIB, MARIZOMIB"
1560,coronary artery calcification,rs102275,1-palmitoyl-2-linoleoyl-gpc (16:0/18:2) to lignoceroyl sphingomyelin (d18:1/24:0),Y,Hh mutants are degraded by ERAD,0.239868572034607,-0.0465251431210454,"OPROZOMIB, MARIZOMIB"
1566,coronary artery calcification,rs102275,1-palmitoyl-2-linoleoyl-gpc (16:0/18:2) to lignoceroyl sphingomyelin (d18:1/24:0),Y,Degradation of AXIN,0.239868572034607,-0.0465251431210454,"OPROZOMIB, MARIZOMIB"
1563,coronary artery calcification,rs102275,1-palmitoyl-2-linoleoyl-gpc (16:0/18:2) to lignoceroyl sphingomyelin (d18:1/24:0),Y,AUF1 (hnRNP D0) binds and destabilizes mRNA,0.239868572034607,-0.0465251431210454,"OPROZOMIB, MARIZOMIB"
1542,coronary artery calcification,rs102275,1-palmitoyl-2-linoleoyl-gpc (16:0/18:2) to lignoceroyl sphingomyelin (d18:1/24:0),Y,Ubiquitin-dependent degradation of Cyclin D,0.239868572034607,-0.0465251431210454,"OPROZOMIB, MARIZOMIB"
1557,coronary artery calcification,rs102275,1-palmitoyl-2-linoleoyl-gpc (16:0/18:2) to lignoceroyl sphingomyelin (d18:1/24:0),Y,GSK3B-mediated proteasomal degradation of PD-L1(CD274),0.239868572034607,-0.0465251431210454,"OPROZOMIB, MARIZOMIB"
1554,coronary artery calcification,rs102275,1-palmitoyl-2-linoleoyl-gpc (16:0/18:2) to lignoceroyl sphingomyelin (d18:1/24:0),Y,"Antigen processing: Ub, ATP-independent proteasomal degradation",0.239868572034607,-0.0465251431210454,"OPROZOMIB, MARIZOMIB"
1551,coronary artery calcification,rs102275,1-palmitoyl-2-linoleoyl-gpc (16:0/18:2) to lignoceroyl sphingomyelin (d18:1/24:0),Y,GSK3B and BTRC:CUL1-mediated-degradation of NFE2L2,0.239868572034607,-0.0465251431210454,"OPROZOMIB, MARIZOMIB"
1524,coronary artery calcification,rs102275,1-palmitoyl-2-linoleoyl-gpc (16:0/18:2) to lignoceroyl sphingomyelin (d18:1/24:0),Y,Vif-mediated degradation of APOBEC3G,0.239868572034607,-0.0465251431210454,"OPROZOMIB, MARIZOMIB"
1515,coronary artery calcification,rs102275,1-palmitoyl-2-linoleoyl-gpc (16:0/18:2) to lignoceroyl sphingomyelin (d18:1/24:0),Y,Regulation of Apoptosis,0.239868572034607,-0.0465251431210454,"OPROZOMIB, MARIZOMIB"
1521,coronary artery calcification,rs102275,1-palmitoyl-2-linoleoyl-gpc (16:0/18:2) to lignoceroyl sphingomyelin (d18:1/24:0),Y,Vpu mediated degradation of CD4,0.239868572034607,-0.0465251431210454,"OPROZOMIB, MARIZOMIB"
1533,coronary artery calcification,rs102275,1-palmitoyl-2-linoleoyl-gpc (16:0/18:2) to lignoceroyl sphingomyelin (d18:1/24:0),Y,Regulation of ornithine decarboxylase (ODC),0.239868572034607,-0.0465251431210454,"OPROZOMIB, MARIZOMIB"
1536,coronary artery calcification,rs102275,1-palmitoyl-2-linoleoyl-gpc (16:0/18:2) to lignoceroyl sphingomyelin (d18:1/24:0),Y,Degradation of DVL,0.239868572034607,-0.0465251431210454,"OPROZOMIB, MARIZOMIB"
1527,coronary artery calcification,rs102275,1-palmitoyl-2-linoleoyl-gpc (16:0/18:2) to lignoceroyl sphingomyelin (d18:1/24:0),Y,Regulation of activated PAK-2p34 by proteasome mediated degradation,0.239868572034607,-0.0465251431210454,"OPROZOMIB, MARIZOMIB"
1530,coronary artery calcification,rs102275,1-palmitoyl-2-linoleoyl-gpc (16:0/18:2) to lignoceroyl sphingomyelin (d18:1/24:0),Y,Autodegradation of the E3 ubiquitin ligase COP1,0.239868572034607,-0.0465251431210454,"OPROZOMIB, MARIZOMIB"
1509,coronary artery calcification,rs102275,1-palmitoyl-2-linoleoyl-gpc (16:0/18:2) to lignoceroyl sphingomyelin (d18:1/24:0),Y,Regulation of RUNX3 expression and activity,0.239868572034607,-0.0465251431210454,"OPROZOMIB, MARIZOMIB"
1669,gout,rs1177442,x-18921 to x-15486,CTSK,RUNX1 regulates transcription of genes involved in differentiation of keratinocytes,0.287782705647149,0.205137379352067,"BALICATIB, ODANACATIB"
1671,gout,rs1177442,x-18921 to x-15486,CTSK,Aryl hydrocarbon receptor signalling,0.287782705647149,0.205137379352067,"BALICATIB, ODANACATIB"
1668,gout,rs1177442,x-18921 to x-15486,CTSK,Activation of Matrix Metalloproteinases,0.287782705647149,0.205137379352067,"BALICATIB, ODANACATIB"
1670,gout,rs1177442,x-18921 to x-15486,CTSK,Regulation of gene expression by Hypoxia-inducible Factor,0.287782705647149,0.205137379352067,"BALICATIB, ODANACATIB"
1672,gout,rs1177442,x-18921 to x-15486,CTSK,Transcriptional Regulation by NPAS4,0.287782705647149,0.205137379352067,"BALICATIB, ODANACATIB"
1673,gout,rs1177442,x-18921 to x-15486,CTSK,NPAS4 regulates expression of target genes,0.287782705647149,0.205137379352067,"BALICATIB, ODANACATIB"
1674,gout,rs1177442,x-18921 to x-15486,CTSK,Trafficking and processing of endosomal TLR,0.287782705647149,0.205137379352067,"BALICATIB, ODANACATIB"
1526,coronary artery calcification,rs102275,"1-palmitoyl-2-linoleoyl-gpc (16:0/18:2) to 1,2-dipalmitoyl-gpc (16:0/16:0)",Y,Vif-mediated degradation of APOBEC3G,0.324441854071379,-0.0390071233248363,"OPROZOMIB, MARIZOMIB"
1541,coronary artery calcification,rs102275,"1-palmitoyl-2-linoleoyl-gpc (16:0/18:2) to 1,2-dipalmitoyl-gpc (16:0/16:0)",Y,Stabilization of p53,0.324441854071379,-0.0390071233248363,"OPROZOMIB, MARIZOMIB"
1547,coronary artery calcification,rs102275,"1-palmitoyl-2-linoleoyl-gpc (16:0/18:2) to 1,2-dipalmitoyl-gpc (16:0/16:0)",Y,FBXL7 down-regulates AURKA during mitotic entry and in early mitosis,0.324441854071379,-0.0390071233248363,"OPROZOMIB, MARIZOMIB"
1565,coronary artery calcification,rs102275,"1-palmitoyl-2-linoleoyl-gpc (16:0/18:2) to 1,2-dipalmitoyl-gpc (16:0/16:0)",Y,AUF1 (hnRNP D0) binds and destabilizes mRNA,0.324441854071379,-0.0390071233248363,"OPROZOMIB, MARIZOMIB"
1568,coronary artery calcification,rs102275,"1-palmitoyl-2-linoleoyl-gpc (16:0/18:2) to 1,2-dipalmitoyl-gpc (16:0/16:0)",Y,Degradation of AXIN,0.324441854071379,-0.0390071233248363,"OPROZOMIB, MARIZOMIB"
1556,coronary artery calcification,rs102275,"1-palmitoyl-2-linoleoyl-gpc (16:0/18:2) to 1,2-dipalmitoyl-gpc (16:0/16:0)",Y,"Antigen processing: Ub, ATP-independent proteasomal degradation",0.324441854071379,-0.0390071233248363,"OPROZOMIB, MARIZOMIB"
1511,coronary artery calcification,rs102275,"1-palmitoyl-2-linoleoyl-gpc (16:0/18:2) to 1,2-dipalmitoyl-gpc (16:0/16:0)",Y,Regulation of RUNX3 expression and activity,0.324441854071379,-0.0390071233248363,"OPROZOMIB, MARIZOMIB"
1523,coronary artery calcification,rs102275,"1-palmitoyl-2-linoleoyl-gpc (16:0/18:2) to 1,2-dipalmitoyl-gpc (16:0/16:0)",Y,Vpu mediated degradation of CD4,0.324441854071379,-0.0390071233248363,"OPROZOMIB, MARIZOMIB"
1544,coronary artery calcification,rs102275,"1-palmitoyl-2-linoleoyl-gpc (16:0/18:2) to 1,2-dipalmitoyl-gpc (16:0/16:0)",Y,Ubiquitin-dependent degradation of Cyclin D,0.324441854071379,-0.0390071233248363,"OPROZOMIB, MARIZOMIB"
1562,coronary artery calcification,rs102275,"1-palmitoyl-2-linoleoyl-gpc (16:0/18:2) to 1,2-dipalmitoyl-gpc (16:0/16:0)",Y,Hh mutants are degraded by ERAD,0.324441854071379,-0.0390071233248363,"OPROZOMIB, MARIZOMIB"
1559,coronary artery calcification,rs102275,"1-palmitoyl-2-linoleoyl-gpc (16:0/18:2) to 1,2-dipalmitoyl-gpc (16:0/16:0)",Y,GSK3B-mediated proteasomal degradation of PD-L1(CD274),0.324441854071379,-0.0390071233248363,"OPROZOMIB, MARIZOMIB"
1550,coronary artery calcification,rs102275,"1-palmitoyl-2-linoleoyl-gpc (16:0/18:2) to 1,2-dipalmitoyl-gpc (16:0/16:0)",Y,Negative regulation of NOTCH4 signaling,0.324441854071379,-0.0390071233248363,"OPROZOMIB, MARIZOMIB"
1553,coronary artery calcification,rs102275,"1-palmitoyl-2-linoleoyl-gpc (16:0/18:2) to 1,2-dipalmitoyl-gpc (16:0/16:0)",Y,GSK3B and BTRC:CUL1-mediated-degradation of NFE2L2,0.324441854071379,-0.0390071233248363,"OPROZOMIB, MARIZOMIB"
1529,coronary artery calcification,rs102275,"1-palmitoyl-2-linoleoyl-gpc (16:0/18:2) to 1,2-dipalmitoyl-gpc (16:0/16:0)",Y,Regulation of activated PAK-2p34 by proteasome mediated degradation,0.324441854071379,-0.0390071233248363,"OPROZOMIB, MARIZOMIB"
1535,coronary artery calcification,rs102275,"1-palmitoyl-2-linoleoyl-gpc (16:0/18:2) to 1,2-dipalmitoyl-gpc (16:0/16:0)",Y,Regulation of ornithine decarboxylase (ODC),0.324441854071379,-0.0390071233248363,"OPROZOMIB, MARIZOMIB"
1517,coronary artery calcification,rs102275,"1-palmitoyl-2-linoleoyl-gpc (16:0/18:2) to 1,2-dipalmitoyl-gpc (16:0/16:0)",Y,Regulation of Apoptosis,0.324441854071379,-0.0390071233248363,"OPROZOMIB, MARIZOMIB"
1520,coronary artery calcification,rs102275,"1-palmitoyl-2-linoleoyl-gpc (16:0/18:2) to 1,2-dipalmitoyl-gpc (16:0/16:0)",Y,SCF-beta-TrCP mediated degradation of Emi1,0.324441854071379,-0.0390071233248363,"OPROZOMIB, MARIZOMIB"
1514,coronary artery calcification,rs102275,"1-palmitoyl-2-linoleoyl-gpc (16:0/18:2) to 1,2-dipalmitoyl-gpc (16:0/16:0)",Y,Cross-presentation of soluble exogenous antigens (endosomes),0.324441854071379,-0.0390071233248363,"OPROZOMIB, MARIZOMIB"
1538,coronary artery calcification,rs102275,"1-palmitoyl-2-linoleoyl-gpc (16:0/18:2) to 1,2-dipalmitoyl-gpc (16:0/16:0)",Y,Degradation of DVL,0.324441854071379,-0.0390071233248363,"OPROZOMIB, MARIZOMIB"
1532,coronary artery calcification,rs102275,"1-palmitoyl-2-linoleoyl-gpc (16:0/18:2) to 1,2-dipalmitoyl-gpc (16:0/16:0)",Y,Autodegradation of the E3 ubiquitin ligase COP1,0.324441854071379,-0.0390071233248363,"OPROZOMIB, MARIZOMIB"
1546,coronary artery calcification,rs102275,1-stearoyl-2-linoleoyl-gpc (18:0/18:2)* to 1-palmitoyl-2-stearoyl-gpc (16:0/18:0),Y,FBXL7 down-regulates AURKA during mitotic entry and in early mitosis,0.374032606122922,-0.0351882316572425,"OPROZOMIB, MARIZOMIB"
1513,coronary artery calcification,rs102275,1-stearoyl-2-linoleoyl-gpc (18:0/18:2)* to 1-palmitoyl-2-stearoyl-gpc (16:0/18:0),Y,Cross-presentation of soluble exogenous antigens (endosomes),0.374032606122922,-0.0351882316572425,"OPROZOMIB, MARIZOMIB"
1510,coronary artery calcification,rs102275,1-stearoyl-2-linoleoyl-gpc (18:0/18:2)* to 1-palmitoyl-2-stearoyl-gpc (16:0/18:0),Y,Regulation of RUNX3 expression and activity,0.374032606122922,-0.0351882316572425,"OPROZOMIB, MARIZOMIB"
1567,coronary artery calcification,rs102275,1-stearoyl-2-linoleoyl-gpc (18:0/18:2)* to 1-palmitoyl-2-stearoyl-gpc (16:0/18:0),Y,Degradation of AXIN,0.374032606122922,-0.0351882316572425,"OPROZOMIB, MARIZOMIB"
1564,coronary artery calcification,rs102275,1-stearoyl-2-linoleoyl-gpc (18:0/18:2)* to 1-palmitoyl-2-stearoyl-gpc (16:0/18:0),Y,AUF1 (hnRNP D0) binds and destabilizes mRNA,0.374032606122922,-0.0351882316572425,"OPROZOMIB, MARIZOMIB"
1558,coronary artery calcification,rs102275,1-stearoyl-2-linoleoyl-gpc (18:0/18:2)* to 1-palmitoyl-2-stearoyl-gpc (16:0/18:0),Y,GSK3B-mediated proteasomal degradation of PD-L1(CD274),0.374032606122922,-0.0351882316572425,"OPROZOMIB, MARIZOMIB"
1543,coronary artery calcification,rs102275,1-stearoyl-2-linoleoyl-gpc (18:0/18:2)* to 1-palmitoyl-2-stearoyl-gpc (16:0/18:0),Y,Ubiquitin-dependent degradation of Cyclin D,0.374032606122922,-0.0351882316572425,"OPROZOMIB, MARIZOMIB"
1561,coronary artery calcification,rs102275,1-stearoyl-2-linoleoyl-gpc (18:0/18:2)* to 1-palmitoyl-2-stearoyl-gpc (16:0/18:0),Y,Hh mutants are degraded by ERAD,0.374032606122922,-0.0351882316572425,"OPROZOMIB, MARIZOMIB"
1552,coronary artery calcification,rs102275,1-stearoyl-2-linoleoyl-gpc (18:0/18:2)* to 1-palmitoyl-2-stearoyl-gpc (16:0/18:0),Y,GSK3B and BTRC:CUL1-mediated-degradation of NFE2L2,0.374032606122922,-0.0351882316572425,"OPROZOMIB, MARIZOMIB"
1525,coronary artery calcification,rs102275,1-stearoyl-2-linoleoyl-gpc (18:0/18:2)* to 1-palmitoyl-2-stearoyl-gpc (16:0/18:0),Y,Vif-mediated degradation of APOBEC3G,0.374032606122922,-0.0351882316572425,"OPROZOMIB, MARIZOMIB"
1534,coronary artery calcification,rs102275,1-stearoyl-2-linoleoyl-gpc (18:0/18:2)* to 1-palmitoyl-2-stearoyl-gpc (16:0/18:0),Y,Regulation of ornithine decarboxylase (ODC),0.374032606122922,-0.0351882316572425,"OPROZOMIB, MARIZOMIB"
1531,coronary artery calcification,rs102275,1-stearoyl-2-linoleoyl-gpc (18:0/18:2)* to 1-palmitoyl-2-stearoyl-gpc (16:0/18:0),Y,Autodegradation of the E3 ubiquitin ligase COP1,0.374032606122922,-0.0351882316572425,"OPROZOMIB, MARIZOMIB"
1537,coronary artery calcification,rs102275,1-stearoyl-2-linoleoyl-gpc (18:0/18:2)* to 1-palmitoyl-2-stearoyl-gpc (16:0/18:0),Y,Degradation of DVL,0.374032606122922,-0.0351882316572425,"OPROZOMIB, MARIZOMIB"
1528,coronary artery calcification,rs102275,1-stearoyl-2-linoleoyl-gpc (18:0/18:2)* to 1-palmitoyl-2-stearoyl-gpc (16:0/18:0),Y,Regulation of activated PAK-2p34 by proteasome mediated degradation,0.374032606122922,-0.0351882316572425,"OPROZOMIB, MARIZOMIB"
1555,coronary artery calcification,rs102275,1-stearoyl-2-linoleoyl-gpc (18:0/18:2)* to 1-palmitoyl-2-stearoyl-gpc (16:0/18:0),Y,"Antigen processing: Ub, ATP-independent proteasomal degradation",0.374032606122922,-0.0351882316572425,"OPROZOMIB, MARIZOMIB"
1540,coronary artery calcification,rs102275,1-stearoyl-2-linoleoyl-gpc (18:0/18:2)* to 1-palmitoyl-2-stearoyl-gpc (16:0/18:0),Y,Stabilization of p53,0.374032606122922,-0.0351882316572425,"OPROZOMIB, MARIZOMIB"
1549,coronary artery calcification,rs102275,1-stearoyl-2-linoleoyl-gpc (18:0/18:2)* to 1-palmitoyl-2-stearoyl-gpc (16:0/18:0),Y,Negative regulation of NOTCH4 signaling,0.374032606122922,-0.0351882316572425,"OPROZOMIB, MARIZOMIB"
1516,coronary artery calcification,rs102275,1-stearoyl-2-linoleoyl-gpc (18:0/18:2)* to 1-palmitoyl-2-stearoyl-gpc (16:0/18:0),Y,Regulation of Apoptosis,0.374032606122922,-0.0351882316572425,"OPROZOMIB, MARIZOMIB"
1522,coronary artery calcification,rs102275,1-stearoyl-2-linoleoyl-gpc (18:0/18:2)* to 1-palmitoyl-2-stearoyl-gpc (16:0/18:0),Y,Vpu mediated degradation of CD4,0.374032606122922,-0.0351882316572425,"OPROZOMIB, MARIZOMIB"
1519,coronary artery calcification,rs102275,1-stearoyl-2-linoleoyl-gpc (18:0/18:2)* to 1-palmitoyl-2-stearoyl-gpc (16:0/18:0),Y,SCF-beta-TrCP mediated degradation of Emi1,0.374032606122922,-0.0351882316572425,"OPROZOMIB, MARIZOMIB"
1569,coronary artery disease,rs2244608,"sphingomyelin (d18:1/20:0, d16:1/22:0)* to sphingomyelin (d18:0/20:0, d16:0/22:0)*",ESR2,PI3K/AKT Signaling in Cancer,0.659866346388953,1.04636790695394,"RALOXIFENE HYDROCHLORIDE, DIETHYLSTILBESTROL DIPHOSPHATE, TOREMIFENE CITRATE, ESTRAMUSTINE PHOSPHATE SODIUM, ESTROGENS, CONJUGATED SYNTHETIC A, SYNTHETIC CONJUGATED ESTROGENS, B, ESTROGENS, ESTERIFIED, ESTROGENS, CONJUGATED"
1579,coronary artery disease,rs2244608,"sphingomyelin (d18:1/20:0, d16:1/22:0)* to sphingomyelin (d18:0/20:0, d16:0/22:0)*",ESR2,"PI5P, PP2A and IER3 Regulate PI3K/AKT Signaling",0.659866346388953,1.04636790695394,"RALOXIFENE HYDROCHLORIDE, DIETHYLSTILBESTROL DIPHOSPHATE, TOREMIFENE CITRATE, ESTRAMUSTINE PHOSPHATE SODIUM, ESTROGENS, CONJUGATED SYNTHETIC A, SYNTHETIC CONJUGATED ESTROGENS, B, ESTROGENS, ESTERIFIED, ESTROGENS, CONJUGATED"
1661,gallstones,rs2244608,"sphingomyelin (d18:1/20:0, d16:1/22:0)* to sphingomyelin (d18:0/20:0, d16:0/22:0)*",ESR2,"PI5P, PP2A and IER3 Regulate PI3K/AKT Signaling",0.659866346388953,1.04636790695394,"RALOXIFENE HYDROCHLORIDE, DIETHYLSTILBESTROL DIPHOSPHATE, TOREMIFENE CITRATE, ESTRAMUSTINE PHOSPHATE SODIUM, ESTROGENS, CONJUGATED SYNTHETIC A, SYNTHETIC CONJUGATED ESTROGENS, B, ESTROGENS, ESTERIFIED, ESTROGENS, CONJUGATED"
1659,gallstones,rs2244608,"sphingomyelin (d18:1/20:0, d16:1/22:0)* to sphingomyelin (d18:0/20:0, d16:0/22:0)*",ESR2,Constitutive Signaling by Aberrant PI3K in Cancer,0.659866346388953,1.04636790695394,"RALOXIFENE HYDROCHLORIDE, DIETHYLSTILBESTROL DIPHOSPHATE, TOREMIFENE CITRATE, ESTRAMUSTINE PHOSPHATE SODIUM, ESTROGENS, CONJUGATED SYNTHETIC A, SYNTHETIC CONJUGATED ESTROGENS, B, ESTROGENS, ESTERIFIED, ESTROGENS, CONJUGATED"
1651,gallstones,rs2244608,"sphingomyelin (d18:1/20:0, d16:1/22:0)* to sphingomyelin (d18:0/20:0, d16:0/22:0)*",ESR2,PI3K/AKT Signaling in Cancer,0.659866346388953,1.04636790695394,"RALOXIFENE HYDROCHLORIDE, DIETHYLSTILBESTROL DIPHOSPHATE, TOREMIFENE CITRATE, ESTRAMUSTINE PHOSPHATE SODIUM, ESTROGENS, CONJUGATED SYNTHETIC A, SYNTHETIC CONJUGATED ESTROGENS, B, ESTROGENS, ESTERIFIED, ESTROGENS, CONJUGATED"
1657,gallstones,rs2244608,"sphingomyelin (d18:1/20:0, d16:1/22:0)* to sphingomyelin (d18:0/20:0, d16:0/22:0)*",ESR2,Negative regulation of the PI3K/AKT network,0.659866346388953,1.04636790695394,"RALOXIFENE HYDROCHLORIDE, DIETHYLSTILBESTROL DIPHOSPHATE, TOREMIFENE CITRATE, ESTRAMUSTINE PHOSPHATE SODIUM, ESTROGENS, CONJUGATED SYNTHETIC A, SYNTHETIC CONJUGATED ESTROGENS, B, ESTROGENS, ESTERIFIED, ESTROGENS, CONJUGATED"
1655,gallstones,rs2244608,"sphingomyelin (d18:1/20:0, d16:1/22:0)* to sphingomyelin (d18:0/20:0, d16:0/22:0)*",ESR2,Extra-nuclear estrogen signaling,0.659866346388953,1.04636790695394,"RALOXIFENE HYDROCHLORIDE, DIETHYLSTILBESTROL DIPHOSPHATE, TOREMIFENE CITRATE, ESTRAMUSTINE PHOSPHATE SODIUM, ESTROGENS, CONJUGATED SYNTHETIC A, SYNTHETIC CONJUGATED ESTROGENS, B, ESTROGENS, ESTERIFIED, ESTROGENS, CONJUGATED"
1571,coronary artery disease,rs2244608,"sphingomyelin (d18:1/20:0, d16:1/22:0)* to sphingomyelin (d18:0/20:0, d16:0/22:0)*",ESR2,Nuclear Receptor transcription pathway,0.659866346388953,1.04636790695394,"RALOXIFENE HYDROCHLORIDE, DIETHYLSTILBESTROL DIPHOSPHATE, TOREMIFENE CITRATE, ESTRAMUSTINE PHOSPHATE SODIUM, ESTROGENS, CONJUGATED SYNTHETIC A, SYNTHETIC CONJUGATED ESTROGENS, B, ESTROGENS, ESTERIFIED, ESTROGENS, CONJUGATED"
1573,coronary artery disease,rs2244608,"sphingomyelin (d18:1/20:0, d16:1/22:0)* to sphingomyelin (d18:0/20:0, d16:0/22:0)*",ESR2,Extra-nuclear estrogen signaling,0.659866346388953,1.04636790695394,"RALOXIFENE HYDROCHLORIDE, DIETHYLSTILBESTROL DIPHOSPHATE, TOREMIFENE CITRATE, ESTRAMUSTINE PHOSPHATE SODIUM, ESTROGENS, CONJUGATED SYNTHETIC A, SYNTHETIC CONJUGATED ESTROGENS, B, ESTROGENS, ESTERIFIED, ESTROGENS, CONJUGATED"
1653,gallstones,rs2244608,"sphingomyelin (d18:1/20:0, d16:1/22:0)* to sphingomyelin (d18:0/20:0, d16:0/22:0)*",ESR2,Nuclear Receptor transcription pathway,0.659866346388953,1.04636790695394,"RALOXIFENE HYDROCHLORIDE, DIETHYLSTILBESTROL DIPHOSPHATE, TOREMIFENE CITRATE, ESTRAMUSTINE PHOSPHATE SODIUM, ESTROGENS, CONJUGATED SYNTHETIC A, SYNTHETIC CONJUGATED ESTROGENS, B, ESTROGENS, ESTERIFIED, ESTROGENS, CONJUGATED"
1575,coronary artery disease,rs2244608,"sphingomyelin (d18:1/20:0, d16:1/22:0)* to sphingomyelin (d18:0/20:0, d16:0/22:0)*",ESR2,Negative regulation of the PI3K/AKT network,0.659866346388953,1.04636790695394,"RALOXIFENE HYDROCHLORIDE, DIETHYLSTILBESTROL DIPHOSPHATE, TOREMIFENE CITRATE, ESTRAMUSTINE PHOSPHATE SODIUM, ESTROGENS, CONJUGATED SYNTHETIC A, SYNTHETIC CONJUGATED ESTROGENS, B, ESTROGENS, ESTERIFIED, ESTROGENS, CONJUGATED"
1577,coronary artery disease,rs2244608,"sphingomyelin (d18:1/20:0, d16:1/22:0)* to sphingomyelin (d18:0/20:0, d16:0/22:0)*",ESR2,Constitutive Signaling by Aberrant PI3K in Cancer,0.659866346388953,1.04636790695394,"RALOXIFENE HYDROCHLORIDE, DIETHYLSTILBESTROL DIPHOSPHATE, TOREMIFENE CITRATE, ESTRAMUSTINE PHOSPHATE SODIUM, ESTROGENS, CONJUGATED SYNTHETIC A, SYNTHETIC CONJUGATED ESTROGENS, B, ESTROGENS, ESTERIFIED, ESTROGENS, CONJUGATED"
1656,gallstones,rs2244608,"sphingomyelin (d17:1/16:0, d18:1/15:0, d16:1/17:0)* to sphingomyelin (d18:1/25:0, d19:0/24:1, d20:1/23:0, d19:1/24:0)*",ESR2,Extra-nuclear estrogen signaling,0.696152153610004,1.1786621710698,"RALOXIFENE HYDROCHLORIDE, DIETHYLSTILBESTROL DIPHOSPHATE, TOREMIFENE CITRATE, ESTRAMUSTINE PHOSPHATE SODIUM, ESTROGENS, CONJUGATED SYNTHETIC A, SYNTHETIC CONJUGATED ESTROGENS, B, ESTROGENS, ESTERIFIED, ESTROGENS, CONJUGATED"
1574,coronary artery disease,rs2244608,"sphingomyelin (d17:1/16:0, d18:1/15:0, d16:1/17:0)* to sphingomyelin (d18:1/25:0, d19:0/24:1, d20:1/23:0, d19:1/24:0)*",ESR2,Extra-nuclear estrogen signaling,0.696152153610004,1.1786621710698,"RALOXIFENE HYDROCHLORIDE, DIETHYLSTILBESTROL DIPHOSPHATE, TOREMIFENE CITRATE, ESTRAMUSTINE PHOSPHATE SODIUM, ESTROGENS, CONJUGATED SYNTHETIC A, SYNTHETIC CONJUGATED ESTROGENS, B, ESTROGENS, ESTERIFIED, ESTROGENS, CONJUGATED"
1662,gallstones,rs2244608,"sphingomyelin (d17:1/16:0, d18:1/15:0, d16:1/17:0)* to sphingomyelin (d18:1/25:0, d19:0/24:1, d20:1/23:0, d19:1/24:0)*",ESR2,"PI5P, PP2A and IER3 Regulate PI3K/AKT Signaling",0.696152153610004,1.1786621710698,"RALOXIFENE HYDROCHLORIDE, DIETHYLSTILBESTROL DIPHOSPHATE, TOREMIFENE CITRATE, ESTRAMUSTINE PHOSPHATE SODIUM, ESTROGENS, CONJUGATED SYNTHETIC A, SYNTHETIC CONJUGATED ESTROGENS, B, ESTROGENS, ESTERIFIED, ESTROGENS, CONJUGATED"
1580,coronary artery disease,rs2244608,"sphingomyelin (d17:1/16:0, d18:1/15:0, d16:1/17:0)* to sphingomyelin (d18:1/25:0, d19:0/24:1, d20:1/23:0, d19:1/24:0)*",ESR2,"PI5P, PP2A and IER3 Regulate PI3K/AKT Signaling",0.696152153610004,1.1786621710698,"RALOXIFENE HYDROCHLORIDE, DIETHYLSTILBESTROL DIPHOSPHATE, TOREMIFENE CITRATE, ESTRAMUSTINE PHOSPHATE SODIUM, ESTROGENS, CONJUGATED SYNTHETIC A, SYNTHETIC CONJUGATED ESTROGENS, B, ESTROGENS, ESTERIFIED, ESTROGENS, CONJUGATED"
1654,gallstones,rs2244608,"sphingomyelin (d17:1/16:0, d18:1/15:0, d16:1/17:0)* to sphingomyelin (d18:1/25:0, d19:0/24:1, d20:1/23:0, d19:1/24:0)*",ESR2,Nuclear Receptor transcription pathway,0.696152153610004,1.1786621710698,"RALOXIFENE HYDROCHLORIDE, DIETHYLSTILBESTROL DIPHOSPHATE, TOREMIFENE CITRATE, ESTRAMUSTINE PHOSPHATE SODIUM, ESTROGENS, CONJUGATED SYNTHETIC A, SYNTHETIC CONJUGATED ESTROGENS, B, ESTROGENS, ESTERIFIED, ESTROGENS, CONJUGATED"
1570,coronary artery disease,rs2244608,"sphingomyelin (d17:1/16:0, d18:1/15:0, d16:1/17:0)* to sphingomyelin (d18:1/25:0, d19:0/24:1, d20:1/23:0, d19:1/24:0)*",ESR2,PI3K/AKT Signaling in Cancer,0.696152153610004,1.1786621710698,"RALOXIFENE HYDROCHLORIDE, DIETHYLSTILBESTROL DIPHOSPHATE, TOREMIFENE CITRATE, ESTRAMUSTINE PHOSPHATE SODIUM, ESTROGENS, CONJUGATED SYNTHETIC A, SYNTHETIC CONJUGATED ESTROGENS, B, ESTROGENS, ESTERIFIED, ESTROGENS, CONJUGATED"
1572,coronary artery disease,rs2244608,"sphingomyelin (d17:1/16:0, d18:1/15:0, d16:1/17:0)* to sphingomyelin (d18:1/25:0, d19:0/24:1, d20:1/23:0, d19:1/24:0)*",ESR2,Nuclear Receptor transcription pathway,0.696152153610004,1.1786621710698,"RALOXIFENE HYDROCHLORIDE, DIETHYLSTILBESTROL DIPHOSPHATE, TOREMIFENE CITRATE, ESTRAMUSTINE PHOSPHATE SODIUM, ESTROGENS, CONJUGATED SYNTHETIC A, SYNTHETIC CONJUGATED ESTROGENS, B, ESTROGENS, ESTERIFIED, ESTROGENS, CONJUGATED"
1576,coronary artery disease,rs2244608,"sphingomyelin (d17:1/16:0, d18:1/15:0, d16:1/17:0)* to sphingomyelin (d18:1/25:0, d19:0/24:1, d20:1/23:0, d19:1/24:0)*",ESR2,Negative regulation of the PI3K/AKT network,0.696152153610004,1.1786621710698,"RALOXIFENE HYDROCHLORIDE, DIETHYLSTILBESTROL DIPHOSPHATE, TOREMIFENE CITRATE, ESTRAMUSTINE PHOSPHATE SODIUM, ESTROGENS, CONJUGATED SYNTHETIC A, SYNTHETIC CONJUGATED ESTROGENS, B, ESTROGENS, ESTERIFIED, ESTROGENS, CONJUGATED"
1578,coronary artery disease,rs2244608,"sphingomyelin (d17:1/16:0, d18:1/15:0, d16:1/17:0)* to sphingomyelin (d18:1/25:0, d19:0/24:1, d20:1/23:0, d19:1/24:0)*",ESR2,Constitutive Signaling by Aberrant PI3K in Cancer,0.696152153610004,1.1786621710698,"RALOXIFENE HYDROCHLORIDE, DIETHYLSTILBESTROL DIPHOSPHATE, TOREMIFENE CITRATE, ESTRAMUSTINE PHOSPHATE SODIUM, ESTROGENS, CONJUGATED SYNTHETIC A, SYNTHETIC CONJUGATED ESTROGENS, B, ESTROGENS, ESTERIFIED, ESTROGENS, CONJUGATED"
1652,gallstones,rs2244608,"sphingomyelin (d17:1/16:0, d18:1/15:0, d16:1/17:0)* to sphingomyelin (d18:1/25:0, d19:0/24:1, d20:1/23:0, d19:1/24:0)*",ESR2,PI3K/AKT Signaling in Cancer,0.696152153610004,1.1786621710698,"RALOXIFENE HYDROCHLORIDE, DIETHYLSTILBESTROL DIPHOSPHATE, TOREMIFENE CITRATE, ESTRAMUSTINE PHOSPHATE SODIUM, ESTROGENS, CONJUGATED SYNTHETIC A, SYNTHETIC CONJUGATED ESTROGENS, B, ESTROGENS, ESTERIFIED, ESTROGENS, CONJUGATED"
1658,gallstones,rs2244608,"sphingomyelin (d17:1/16:0, d18:1/15:0, d16:1/17:0)* to sphingomyelin (d18:1/25:0, d19:0/24:1, d20:1/23:0, d19:1/24:0)*",ESR2,Negative regulation of the PI3K/AKT network,0.696152153610004,1.1786621710698,"RALOXIFENE HYDROCHLORIDE, DIETHYLSTILBESTROL DIPHOSPHATE, TOREMIFENE CITRATE, ESTRAMUSTINE PHOSPHATE SODIUM, ESTROGENS, CONJUGATED SYNTHETIC A, SYNTHETIC CONJUGATED ESTROGENS, B, ESTROGENS, ESTERIFIED, ESTROGENS, CONJUGATED"
1660,gallstones,rs2244608,"sphingomyelin (d17:1/16:0, d18:1/15:0, d16:1/17:0)* to sphingomyelin (d18:1/25:0, d19:0/24:1, d20:1/23:0, d19:1/24:0)*",ESR2,Constitutive Signaling by Aberrant PI3K in Cancer,0.696152153610004,1.1786621710698,"RALOXIFENE HYDROCHLORIDE, DIETHYLSTILBESTROL DIPHOSPHATE, TOREMIFENE CITRATE, ESTRAMUSTINE PHOSPHATE SODIUM, ESTROGENS, CONJUGATED SYNTHETIC A, SYNTHETIC CONJUGATED ESTROGENS, B, ESTROGENS, ESTERIFIED, ESTROGENS, CONJUGATED"
12,COVID-19,rs12941811,palmitoyl sphingomyelin (d18:1/16:0) to lactosyl-n-palmitoyl-sphingosine (d18:1/16:0),PSMD3,Regulation of Apoptosis,0.897424609220416,0.0498532767050906,OPROZOMIB
11,COVID-19,rs12941811,palmitoyl sphingomyelin (d18:1/16:0) to lactosyl-n-palmitoyl-sphingosine (d18:1/16:0),PSMD3,Cross-presentation of soluble exogenous antigens (endosomes),0.897424609220416,0.0498532767050906,OPROZOMIB
10,COVID-19,rs12941811,palmitoyl sphingomyelin (d18:1/16:0) to lactosyl-n-palmitoyl-sphingosine (d18:1/16:0),PSMD3,Degradation of GLI1 by the proteasome,0.897424609220416,0.0498532767050906,OPROZOMIB
22,COVID-19,rs12941811,palmitoyl sphingomyelin (d18:1/16:0) to lactosyl-n-palmitoyl-sphingosine (d18:1/16:0),PSMD3,FBXL7 down-regulates AURKA during mitotic entry and in early mitosis,0.897424609220416,0.0498532767050906,OPROZOMIB
23,COVID-19,rs12941811,palmitoyl sphingomyelin (d18:1/16:0) to lactosyl-n-palmitoyl-sphingosine (d18:1/16:0),PSMD3,GSK3B and BTRC:CUL1-mediated-degradation of NFE2L2,0.897424609220416,0.0498532767050906,OPROZOMIB
19,COVID-19,rs12941811,palmitoyl sphingomyelin (d18:1/16:0) to lactosyl-n-palmitoyl-sphingosine (d18:1/16:0),PSMD3,Degradation of DVL,0.897424609220416,0.0498532767050906,OPROZOMIB
18,COVID-19,rs12941811,palmitoyl sphingomyelin (d18:1/16:0) to lactosyl-n-palmitoyl-sphingosine (d18:1/16:0),PSMD3,Regulation of ornithine decarboxylase (ODC),0.897424609220416,0.0498532767050906,OPROZOMIB
17,COVID-19,rs12941811,palmitoyl sphingomyelin (d18:1/16:0) to lactosyl-n-palmitoyl-sphingosine (d18:1/16:0),PSMD3,Autodegradation of the E3 ubiquitin ligase COP1,0.897424609220416,0.0498532767050906,OPROZOMIB
20,COVID-19,rs12941811,palmitoyl sphingomyelin (d18:1/16:0) to lactosyl-n-palmitoyl-sphingosine (d18:1/16:0),PSMD3,Stabilization of p53,0.897424609220416,0.0498532767050906,OPROZOMIB
16,COVID-19,rs12941811,palmitoyl sphingomyelin (d18:1/16:0) to lactosyl-n-palmitoyl-sphingosine (d18:1/16:0),PSMD3,Regulation of activated PAK-2p34 by proteasome mediated degradation,0.897424609220416,0.0498532767050906,OPROZOMIB
28,COVID-19,rs12941811,palmitoyl sphingomyelin (d18:1/16:0) to lactosyl-n-palmitoyl-sphingosine (d18:1/16:0),PSMD3,Proteasome assembly,0.897424609220416,0.0498532767050906,OPROZOMIB
26,COVID-19,rs12941811,palmitoyl sphingomyelin (d18:1/16:0) to lactosyl-n-palmitoyl-sphingosine (d18:1/16:0),PSMD3,Degradation of AXIN,0.897424609220416,0.0498532767050906,OPROZOMIB
25,COVID-19,rs12941811,palmitoyl sphingomyelin (d18:1/16:0) to lactosyl-n-palmitoyl-sphingosine (d18:1/16:0),PSMD3,AUF1 (hnRNP D0) binds and destabilizes mRNA,0.897424609220416,0.0498532767050906,OPROZOMIB
14,COVID-19,rs12941811,palmitoyl sphingomyelin (d18:1/16:0) to lactosyl-n-palmitoyl-sphingosine (d18:1/16:0),PSMD3,Vpu mediated degradation of CD4,0.897424609220416,0.0498532767050906,OPROZOMIB
13,COVID-19,rs12941811,palmitoyl sphingomyelin (d18:1/16:0) to lactosyl-n-palmitoyl-sphingosine (d18:1/16:0),PSMD3,SCF-beta-TrCP mediated degradation of Emi1,0.897424609220416,0.0498532767050906,OPROZOMIB
15,COVID-19,rs12941811,palmitoyl sphingomyelin (d18:1/16:0) to lactosyl-n-palmitoyl-sphingosine (d18:1/16:0),PSMD3,Vif-mediated degradation of APOBEC3G,0.897424609220416,0.0498532767050906,OPROZOMIB
27,COVID-19,rs12941811,palmitoyl sphingomyelin (d18:1/16:0) to lactosyl-n-palmitoyl-sphingosine (d18:1/16:0),PSMD3,Degradation of CRY and PER proteins,0.897424609220416,0.0498532767050906,OPROZOMIB
24,COVID-19,rs12941811,palmitoyl sphingomyelin (d18:1/16:0) to lactosyl-n-palmitoyl-sphingosine (d18:1/16:0),PSMD3,GSK3B-mediated proteasomal degradation of PD-L1(CD274),0.897424609220416,0.0498532767050906,OPROZOMIB
21,COVID-19,rs12941811,palmitoyl sphingomyelin (d18:1/16:0) to lactosyl-n-palmitoyl-sphingosine (d18:1/16:0),PSMD3,Ubiquitin-dependent degradation of Cyclin D,0.897424609220416,0.0498532767050906,OPROZOMIB
